1,2,3,4,5,6,7,8,9,10
 Hair Conditioner, Lemons, Standard coffee, Frozen Chicken Wings, Sugar Cookies, Onions, Deli Ham, D Cell Batteries, Paper Towels, Mint Chocolate Bar
 Hair Conditioner, Lemons, Standard coffee, Frozen Chicken Wings, Sugar Cookies, Onions, Deli Ham, D Cell Batteries, Paper Towels, Mint Chocolate Bar
 Hair Conditioner, Lemons, Standard coffee, Frozen Chicken Wings, Sugar Cookies, Onions, Deli Ham, D Cell Batteries, Paper Towels, Mint Chocolate Bar
 Hair Conditioner, Lemons, Standard coffee, Frozen Chicken Wings, Sugar Cookies, Onions, Deli Ham, D Cell Batteries, Paper Towels, Mint Chocolate Bar
 Hair Conditioner, Lemons, Standard coffee, Frozen Chicken Wings, Sugar Cookies, Onions, Deli Ham, D Cell Batteries, Paper Towels, Mint Chocolate Bar
 Hair Conditioner, Lemons, Standard coffee, Frozen Chicken Wings, Sugar Cookies, Onions, Deli Ham, D Cell Batteries, Paper Towels, Mint Chocolate Bar
 Hair Conditioner, Lemons, Standard coffee, Frozen Chicken Wings, Sugar Cookies, Onions, Deli Ham, D Cell Batteries, Paper Towels, Mint Chocolate Bar
 Hair Conditioner, Lemons, Standard coffee, Frozen Chicken Wings, Sugar Cookies, Onions, Deli Ham, D Cell Batteries, Paper Towels, Mint Chocolate Bar
 Hair Conditioner, Lemons, Standard coffee, Frozen Chicken Wings, Sugar Cookies, Onions, Deli Ham, D Cell Batteries, Paper Towels, Mint Chocolate Bar
 Hair Conditioner, Lemons, Standard coffee, Frozen Chicken Wings, Sugar Cookies, Onions, Deli Ham, D Cell Batteries, Paper Towels, Mint Chocolate Bar
 Hair Conditioner, Lemons, Standard coffee, Frozen Chicken Wings, Sugar Cookies, Onions, Deli Ham, D Cell Batteries, Paper Towels, Mint Chocolate Bar
 Hair Conditioner, Lemons, Standard coffee, Frozen Chicken Wings, Sugar Cookies, Onions, Deli Ham, D Cell Batteries, Paper Towels, Mint Chocolate Bar
 Hair Conditioner, Lemons, Standard coffee, Frozen Chicken Wings, Sugar Cookies, Onions, Deli Ham, D Cell Batteries, Paper Towels, Mint Chocolate Bar
 Hair Conditioner, Lemons, Standard coffee, Frozen Chicken Wings, Sugar Cookies, Onions, Deli Ham, D Cell Batteries, Paper Towels, Mint Chocolate Bar
 Hair Conditioner, Lemons, Standard coffee, Frozen Chicken Wings, Sugar Cookies, Onions, Deli Ham, D Cell Batteries, Paper Towels, Mint Chocolate Bar
 Hair Conditioner, Lemons, Standard coffee, Frozen Chicken Wings, Sugar Cookies, Onions, Deli Ham, D Cell Batteries, Paper Towels, Mint Chocolate Bar
 Hair Conditioner, Lemons, Standard coffee, Frozen Chicken Wings, Sugar Cookies, Onions, Deli Ham, D Cell Batteries, Paper Towels, Mint Chocolate Bar
 Hair Conditioner, Lemons, Standard coffee, Frozen Chicken Wings, Sugar Cookies, Onions, Deli Ham, D Cell Batteries, Paper Towels, Mint Chocolate Bar
 Hair Conditioner, Lemons, Standard coffee, Frozen Chicken Wings, Sugar Cookies, Onions, Deli Ham, D Cell Batteries, Paper Towels, Mint Chocolate Bar
 Hair Conditioner, Lemons, Standard coffee, Frozen Chicken Wings, Sugar Cookies, Onions, Deli Ham, D Cell Batteries, Paper Towels, Mint Chocolate Bar
 Hair Conditioner, Lemons, Standard coffee, Frozen Chicken Wings, Sugar Cookies, Onions, Deli Ham, D Cell Batteries, Paper Towels, Mint Chocolate Bar
 Hair Conditioner, Lemons, Standard coffee, Frozen Chicken Wings, Sugar Cookies, Onions, Deli Ham, D Cell Batteries, Paper Towels, Mint Chocolate Bar
 Hair Conditioner, Lemons, Standard coffee, Frozen Chicken Wings, Sugar Cookies, Onions, Deli Ham, D Cell Batteries, Paper Towels, Mint Chocolate Bar
 Hair Conditioner, Lemons, Standard coffee, Frozen Chicken Wings, Sugar Cookies, Onions, Deli Ham, D Cell Batteries, Paper Towels, Mint Chocolate Bar
 Hair Conditioner, Lemons, Standard coffee, Frozen Chicken Wings, Sugar Cookies, Onions, Deli Ham, D Cell Batteries, Paper Towels, Mint Chocolate Bar
 Hair Conditioner, Lemons, Standard coffee, Frozen Chicken Wings, Sugar Cookies, Onions, Deli Ham, D Cell Batteries, Paper Towels, Mint Chocolate Bar
 Hair Conditioner, Lemons, Standard coffee, Frozen Chicken Wings, Sugar Cookies, Onions, Deli Ham, D Cell Batteries, Paper Towels, Mint Chocolate Bar
 Hair Conditioner, Lemons, Standard coffee, Frozen Chicken Wings, Sugar Cookies, Onions, Deli Ham, D Cell Batteries, Paper Towels, Mint Chocolate Bar
 Hair Conditioner, Lemons, Standard coffee, Frozen Chicken Wings, Sugar Cookies, Onions, Deli Ham, D Cell Batteries, Paper Towels, Mint Chocolate Bar
 Hair Conditioner, Lemons, Standard coffee, Frozen Chicken Wings, Sugar Cookies, Onions, Deli Ham, D Cell Batteries, Paper Towels, Mint Chocolate Bar
 Hair Conditioner, Lemons, Standard coffee, Frozen Chicken Wings, Sugar Cookies, Onions, Deli Ham, D Cell Batteries, Paper Towels, Mint Chocolate Bar
 Hair Conditioner, Lemons, Standard coffee, Frozen Chicken Wings, Sugar Cookies, Onions, Deli Ham, D Cell Batteries, Paper Towels, Mint Chocolate Bar
 Hair Conditioner, Lemons, Standard coffee, Frozen Chicken Wings, Sugar Cookies, Onions, Deli Ham, D Cell Batteries, Paper Towels, Mint Chocolate Bar
 Hair Conditioner, Lemons, Standard coffee, Frozen Chicken Wings, Sugar Cookies, Onions, Deli Ham, D Cell Batteries, Paper Towels, Mint Chocolate Bar
 Hair Conditioner, Lemons, Standard coffee, Frozen Chicken Wings, Sugar Cookies, Onions, Deli Ham, D Cell Batteries, Paper Towels, Mint Chocolate Bar
 Hair Conditioner, Lemons, Standard coffee, Frozen Chicken Wings, Sugar Cookies, Onions, Deli Ham, D Cell Batteries, Paper Towels, Mint Chocolate Bar
 Hair Conditioner, Lemons, Standard coffee, Frozen Chicken Wings, Sugar Cookies, Onions, Deli Ham, D Cell Batteries, Paper Towels, Mint Chocolate Bar
 Hair Conditioner, Lemons, Standard coffee, Frozen Chicken Wings, Sugar Cookies, Onions, Deli Ham, D Cell Batteries, Paper Towels, Mint Chocolate Bar
 Hair Conditioner, Lemons, Standard coffee, Frozen Chicken Wings, Sugar Cookies, Onions, Deli Ham, D Cell Batteries, Paper Towels, Mint Chocolate Bar
 Hair Conditioner, Lemons, Standard coffee, Frozen Chicken Wings, Sugar Cookies, Onions, Deli Ham, D Cell Batteries, Paper Towels, Mint Chocolate Bar
 Hair Conditioner, Lemons, Standard coffee, Frozen Chicken Wings, Sugar Cookies, Onions, Deli Ham, D Cell Batteries, Paper Towels, Mint Chocolate Bar
 Hair Conditioner, Lemons, Standard coffee, Frozen Chicken Wings, Sugar Cookies, Onions, Deli Ham, D Cell Batteries, Paper Towels, Mint Chocolate Bar
 Hair Conditioner, Lemons, Standard coffee, Frozen Chicken Wings, Sugar Cookies, Onions, Deli Ham, D Cell Batteries, Paper Towels, Mint Chocolate Bar
 Hair Conditioner, Lemons, Standard coffee, Frozen Chicken Wings, Sugar Cookies, Onions, Deli Ham, D Cell Batteries, Paper Towels, Mint Chocolate Bar
 Hair Conditioner, Lemons, Standard coffee, Frozen Chicken Wings, Sugar Cookies, Onions, Deli Ham, D Cell Batteries, Paper Towels, Mint Chocolate Bar
 Hair Conditioner, Lemons, Standard coffee, Frozen Chicken Wings, Sugar Cookies, Onions, Deli Ham, D Cell Batteries, Paper Towels, Mint Chocolate Bar
 Hair Conditioner, Lemons, Standard coffee, Frozen Chicken Wings, Sugar Cookies, Onions, Deli Ham, D Cell Batteries, Paper Towels, Mint Chocolate Bar
 Hair Conditioner, Lemons, Standard coffee, Frozen Chicken Wings, Sugar Cookies, Onions, Deli Ham, D Cell Batteries, Paper Towels, Mint Chocolate Bar
 Hair Conditioner, Lemons, Standard coffee, Frozen Chicken Wings, Sugar Cookies, Onions, Deli Ham, D Cell Batteries, Paper Towels, Mint Chocolate Bar
 Hair Conditioner, Lemons, Standard coffee, Frozen Chicken Wings, Sugar Cookies, Onions, Deli Ham, D Cell Batteries, Paper Towels, Mint Chocolate Bar
 Hair Conditioner, Lemons, Standard coffee, Frozen Chicken Wings, Sugar Cookies, Onions, Deli Ham, D Cell Batteries, Paper Towels, Mint Chocolate Bar
 Hair Conditioner, Lemons, Standard coffee, Frozen Chicken Wings, Sugar Cookies, Onions, Deli Ham, D Cell Batteries, Paper Towels, Mint Chocolate Bar
 Hair Conditioner, Lemons, Standard coffee, Frozen Chicken Wings, Sugar Cookies, Onions, Deli Ham, D Cell Batteries, Paper Towels, Mint Chocolate Bar
 Hair Conditioner, Lemons, Standard coffee, Frozen Chicken Wings, Sugar Cookies, Onions, Deli Ham, D Cell Batteries, Paper Towels, Mint Chocolate Bar
 Hair Conditioner, Lemons, Standard coffee, Frozen Chicken Wings, Sugar Cookies, Onions, Deli Ham, D Cell Batteries, Paper Towels, Mint Chocolate Bar
 Hair Conditioner, Lemons, Standard coffee, Frozen Chicken Wings, Sugar Cookies, Onions, Deli Ham, D Cell Batteries, Paper Towels, Mint Chocolate Bar
 Hair Conditioner, Lemons, Standard coffee, Frozen Chicken Wings, Sugar Cookies, Onions, Deli Ham, D Cell Batteries, Paper Towels, Mint Chocolate Bar
 Hair Conditioner, Lemons, Standard coffee, Frozen Chicken Wings, Sugar Cookies, Onions, Deli Ham, D Cell Batteries, Paper Towels, Mint Chocolate Bar
 Hair Conditioner, Lemons, Standard coffee, Frozen Chicken Wings, Sugar Cookies, Onions, Deli Ham, D Cell Batteries, Paper Towels, Mint Chocolate Bar
 Hair Conditioner, Lemons, Standard coffee, Frozen Chicken Wings, Sugar Cookies, Onions, Deli Ham, D Cell Batteries, Paper Towels, Mint Chocolate Bar
 Hair Conditioner, Lemons, Standard coffee, Frozen Chicken Wings, Sugar Cookies, Onions, Deli Ham, D Cell Batteries, Paper Towels, Mint Chocolate Bar
 Hair Conditioner, Lemons, Standard coffee, Frozen Chicken Wings, Sugar Cookies, Onions, Deli Ham, D Cell Batteries, Paper Towels, Mint Chocolate Bar
 Hair Conditioner, Lemons, Standard coffee, Frozen Chicken Wings, Sugar Cookies, Onions, Deli Ham, D Cell Batteries, Paper Towels, Mint Chocolate Bar
 Hair Conditioner, Lemons, Standard coffee, Frozen Chicken Wings, Sugar Cookies, Onions, Deli Ham, D Cell Batteries, Paper Towels, Mint Chocolate Bar
 Hair Conditioner, Lemons, Standard coffee, Frozen Chicken Wings, Sugar Cookies, Onions, Deli Ham, D Cell Batteries, Paper Towels, Mint Chocolate Bar
 Hair Conditioner, Lemons, Standard coffee, Frozen Chicken Wings, Sugar Cookies, Onions, Deli Ham, D Cell Batteries, Paper Towels, Mint Chocolate Bar
 Hair Conditioner, Lemons, Standard coffee, Frozen Chicken Wings, Sugar Cookies, Onions, Deli Ham, D Cell Batteries, Paper Towels, Mint Chocolate Bar
 Hair Conditioner, Lemons, Standard coffee, Frozen Chicken Wings, Sugar Cookies, Onions, Deli Ham, D Cell Batteries, Paper Towels, Mint Chocolate Bar
 Hair Conditioner, Lemons, Standard coffee, Frozen Chicken Wings, Sugar Cookies, Onions, Deli Ham, D Cell Batteries, Paper Towels, Mint Chocolate Bar
 Hair Conditioner, Lemons, Standard coffee, Frozen Chicken Wings, Sugar Cookies, Onions, Deli Ham, D Cell Batteries, Paper Towels, Mint Chocolate Bar
 Hair Conditioner, Lemons, Standard coffee, Frozen Chicken Wings, Sugar Cookies, Onions, Deli Ham, D Cell Batteries, Paper Towels, Mint Chocolate Bar
 Hair Conditioner, Lemons, Standard coffee, Frozen Chicken Wings, Sugar Cookies, Onions, Deli Ham, D Cell Batteries, Paper Towels, Mint Chocolate Bar
 Hair Conditioner, Lemons, Standard coffee, Frozen Chicken Wings, Sugar Cookies, Onions, Deli Ham, D Cell Batteries, Paper Towels, Mint Chocolate Bar
 Hair Conditioner, Lemons, Standard coffee, Frozen Chicken Wings, Sugar Cookies, Onions, Deli Ham, D Cell Batteries, Paper Towels, Mint Chocolate Bar
 Hair Conditioner, Lemons, Standard coffee, Frozen Chicken Wings, Sugar Cookies, Onions, Deli Ham, D Cell Batteries, Paper Towels, Mint Chocolate Bar
 Hair Conditioner, Lemons, Standard coffee, Frozen Chicken Wings, Sugar Cookies, Onions, Deli Ham, D Cell Batteries, Paper Towels, Mint Chocolate Bar
 Hair Conditioner, Lemons, Standard coffee, Frozen Chicken Wings, Sugar Cookies, Onions, Deli Ham, D Cell Batteries, Paper Towels, Mint Chocolate Bar
 Hair Conditioner, Lemons, Standard coffee, Frozen Chicken Wings, Sugar Cookies, Onions, Deli Ham, D Cell Batteries, Paper Towels, Mint Chocolate Bar
 Hair Conditioner, Lemons, Standard coffee, Frozen Chicken Wings, Sugar Cookies, Onions, Deli Ham, D Cell Batteries, Paper Towels, Mint Chocolate Bar
 Hair Conditioner, Lemons, Standard coffee, Frozen Chicken Wings, Sugar Cookies, Onions, Deli Ham, D Cell Batteries, Paper Towels, Mint Chocolate Bar
 Hair Conditioner, Lemons, Standard coffee, Frozen Chicken Wings, Sugar Cookies, Onions, Deli Ham, D Cell Batteries, Paper Towels, Mint Chocolate Bar
 Hair Conditioner, Lemons, Standard coffee, Frozen Chicken Wings, Sugar Cookies, Onions, Deli Ham, D Cell Batteries, Paper Towels, Mint Chocolate Bar
 Hair Conditioner, Lemons, Standard coffee, Frozen Chicken Wings, Sugar Cookies, Onions, Deli Ham, D Cell Batteries, Paper Towels, Mint Chocolate Bar
 Hair Conditioner, Lemons, Standard coffee, Frozen Chicken Wings, Sugar Cookies, Onions, Deli Ham, D Cell Batteries, Paper Towels, Mint Chocolate Bar
 Hair Conditioner, Lemons, Standard coffee, Frozen Chicken Wings, Sugar Cookies, Onions, Deli Ham, D Cell Batteries, Paper Towels, Mint Chocolate Bar
 Hair Conditioner, Lemons, Standard coffee, Frozen Chicken Wings, Sugar Cookies, Onions, Deli Ham, D Cell Batteries, Paper Towels, Mint Chocolate Bar
 Hair Conditioner, Lemons, Standard coffee, Frozen Chicken Wings, Sugar Cookies, Onions, Deli Ham, D Cell Batteries, Paper Towels, Mint Chocolate Bar
 Hair Conditioner, Lemons, Standard coffee, Frozen Chicken Wings, Sugar Cookies, Onions, Deli Ham, D Cell Batteries, Paper Towels, Mint Chocolate Bar
 Hair Conditioner, Lemons, Standard coffee, Frozen Chicken Wings, Sugar Cookies, Onions, Deli Ham, D Cell Batteries, Paper Towels, Mint Chocolate Bar
 Hair Conditioner, Lemons, Standard coffee, Frozen Chicken Wings, Sugar Cookies, Onions, Deli Ham, D Cell Batteries, Paper Towels, Mint Chocolate Bar
 Hair Conditioner, Lemons, Standard coffee, Frozen Chicken Wings, Sugar Cookies, Onions, Deli Ham, D Cell Batteries, Paper Towels, Mint Chocolate Bar
 Hair Conditioner, Lemons, Standard coffee, Frozen Chicken Wings, Sugar Cookies, Onions, Deli Ham, D Cell Batteries, Paper Towels, Mint Chocolate Bar
 Hair Conditioner, Lemons, Standard coffee, Frozen Chicken Wings, Sugar Cookies, Onions, Deli Ham, D Cell Batteries, Paper Towels, Mint Chocolate Bar
 Hair Conditioner, Lemons, Standard coffee, Frozen Chicken Wings, Sugar Cookies, Onions, Deli Ham, D Cell Batteries, Paper Towels, Mint Chocolate Bar
 Hair Conditioner, Lemons, Standard coffee, Frozen Chicken Wings, Sugar Cookies, Onions, Deli Ham, D Cell Batteries, Paper Towels, Mint Chocolate Bar
 Hair Conditioner, Lemons, Standard coffee, Frozen Chicken Wings, Sugar Cookies, Onions, Deli Ham, D Cell Batteries, Paper Towels, Mint Chocolate Bar
 Hair Conditioner, Lemons, Standard coffee, Frozen Chicken Wings, Sugar Cookies, Onions, Deli Ham, D Cell Batteries, Paper Towels, Mint Chocolate Bar
 Hair Conditioner, Lemons, Standard coffee, Frozen Chicken Wings, Sugar Cookies, Onions, Deli Ham, D Cell Batteries, Paper Towels, Mint Chocolate Bar
 Hair Conditioner, Lemons, Standard coffee, Frozen Chicken Wings, Sugar Cookies, Onions, Deli Ham, D Cell Batteries, Paper Towels, Mint Chocolate Bar
 Hair Conditioner, Lemons, Standard coffee, Frozen Chicken Wings, Sugar Cookies, Onions, Deli Ham, D Cell Batteries, Paper Towels, Mint Chocolate Bar
 Hair Conditioner, Lemons, Standard coffee, Frozen Chicken Wings, Sugar Cookies, Onions, Deli Ham, D Cell Batteries, Paper Towels, Mint Chocolate Bar
 Hair Conditioner, Lemons, Standard coffee, Frozen Chicken Wings, Sugar Cookies, Onions, Deli Ham, D Cell Batteries, Paper Towels, Mint Chocolate Bar
 Hair Conditioner, Lemons, Standard coffee, Frozen Chicken Wings, Sugar Cookies, Onions, Deli Ham, D Cell Batteries, Paper Towels, Mint Chocolate Bar
 Hair Conditioner, Lemons, Standard coffee, Frozen Chicken Wings, Sugar Cookies, Onions, Deli Ham, D Cell Batteries, Paper Towels, Mint Chocolate Bar
 Hair Conditioner, Lemons, Standard coffee, Frozen Chicken Wings, Sugar Cookies, Onions, Deli Ham, D Cell Batteries, Paper Towels, Mint Chocolate Bar
 Hair Conditioner, Lemons, Standard coffee, Frozen Chicken Wings, Sugar Cookies, Onions, Deli Ham, D Cell Batteries, Paper Towels, Mint Chocolate Bar
 Hair Conditioner, Lemons, Standard coffee, Frozen Chicken Wings, Sugar Cookies, Onions, Deli Ham, D Cell Batteries, Paper Towels, Mint Chocolate Bar
 Hair Conditioner, Lemons, Standard coffee, Frozen Chicken Wings, Sugar Cookies, Onions, Deli Ham, D Cell Batteries, Paper Towels, Mint Chocolate Bar
 Hair Conditioner, Lemons, Standard coffee, Frozen Chicken Wings, Sugar Cookies, Onions, Deli Ham, D Cell Batteries, Paper Towels, Mint Chocolate Bar
 Hair Conditioner, Lemons, Standard coffee, Frozen Chicken Wings, Sugar Cookies, Onions, Deli Ham, D Cell Batteries, Paper Towels, Mint Chocolate Bar
 Hair Conditioner, Lemons, Standard coffee, Frozen Chicken Wings, Sugar Cookies, Onions, Deli Ham, D Cell Batteries, Paper Towels, Mint Chocolate Bar
 Hair Conditioner, Lemons, Standard coffee, Frozen Chicken Wings, Sugar Cookies, Onions, Deli Ham, D Cell Batteries, Paper Towels, Mint Chocolate Bar
 Hair Conditioner, Lemons, Standard coffee, Frozen Chicken Wings, Sugar Cookies, Onions, Deli Ham, D Cell Batteries, Paper Towels, Mint Chocolate Bar
 Hair Conditioner, Lemons, Standard coffee, Frozen Chicken Wings, Sugar Cookies, Onions, Deli Ham, D Cell Batteries, Paper Towels, Mint Chocolate Bar
 Hair Conditioner, Lemons, Standard coffee, Frozen Chicken Wings, Sugar Cookies, Onions, Deli Ham, D Cell Batteries, Paper Towels, Mint Chocolate Bar
 Hair Conditioner, Lemons, Standard coffee, Frozen Chicken Wings, Sugar Cookies, Onions, Deli Ham, D Cell Batteries, Paper Towels, Mint Chocolate Bar
 Hair Conditioner, Lemons, Standard coffee, Frozen Chicken Wings, Sugar Cookies, Onions, Deli Ham, D Cell Batteries, Paper Towels, Mint Chocolate Bar
 Hair Conditioner, Lemons, Standard coffee, Frozen Chicken Wings, Sugar Cookies, Onions, Deli Ham, D Cell Batteries, Paper Towels, Mint Chocolate Bar
 Hair Conditioner, Lemons, Standard coffee, Frozen Chicken Wings, Sugar Cookies, Onions, Deli Ham, D Cell Batteries, Paper Towels, Mint Chocolate Bar
 Hair Conditioner, Lemons, Standard coffee, Frozen Chicken Wings, Sugar Cookies, Onions, Deli Ham, D Cell Batteries, Paper Towels, Mint Chocolate Bar
 Hair Conditioner, Lemons, Standard coffee, Frozen Chicken Wings, Sugar Cookies, Onions, Deli Ham, D Cell Batteries, Paper Towels, Mint Chocolate Bar
 Hair Conditioner, Lemons, Standard coffee, Frozen Chicken Wings, Sugar Cookies, Onions, Deli Ham, D Cell Batteries, Paper Towels, Mint Chocolate Bar
 Hair Conditioner, Lemons, Standard coffee, Frozen Chicken Wings, Sugar Cookies, Onions, Deli Ham, D Cell Batteries, Paper Towels, Mint Chocolate Bar
 Hair Conditioner, Lemons, Standard coffee, Frozen Chicken Wings, Sugar Cookies, Onions, Deli Ham, D Cell Batteries, Paper Towels, Mint Chocolate Bar
 Hair Conditioner, Lemons, Standard coffee, Frozen Chicken Wings, Sugar Cookies, Onions, Deli Ham, D Cell Batteries, Paper Towels, Mint Chocolate Bar
 Hair Conditioner, Lemons, Standard coffee, Frozen Chicken Wings, Sugar Cookies, Onions, Deli Ham, D Cell Batteries, Paper Towels, Mint Chocolate Bar
 Hair Conditioner, Lemons, Standard coffee, Frozen Chicken Wings, Sugar Cookies, Onions, Deli Ham, D Cell Batteries, Paper Towels, Mint Chocolate Bar
 Hair Conditioner, Lemons, Standard coffee, Frozen Chicken Wings, Sugar Cookies, Onions, Deli Ham, D Cell Batteries, Paper Towels, Mint Chocolate Bar
 Hair Conditioner, Lemons, Standard coffee, Frozen Chicken Wings, Sugar Cookies, Onions, Deli Ham, D Cell Batteries, Paper Towels, Mint Chocolate Bar
 Hair Conditioner, Lemons, Standard coffee, Frozen Chicken Wings, Sugar Cookies, Onions, Deli Ham, D Cell Batteries, Paper Towels, Mint Chocolate Bar
 Hair Conditioner, Lemons, Standard coffee, Frozen Chicken Wings, Sugar Cookies, Onions, Deli Ham, D Cell Batteries, Paper Towels, Mint Chocolate Bar
 Hair Conditioner, Lemons, Standard coffee, Frozen Chicken Wings, Sugar Cookies, Onions, Deli Ham, D Cell Batteries, Paper Towels, Mint Chocolate Bar
 Hair Conditioner, Lemons, Standard coffee, Frozen Chicken Wings, Sugar Cookies, Onions, Deli Ham, D Cell Batteries, Paper Towels, Mint Chocolate Bar
 Hair Conditioner, Lemons, Standard coffee, Frozen Chicken Wings, Sugar Cookies, Onions, Deli Ham, D Cell Batteries, Paper Towels, Mint Chocolate Bar
 Hair Conditioner, Lemons, Standard coffee, Frozen Chicken Wings, Sugar Cookies, Onions, Deli Ham, D Cell Batteries, Paper Towels, Mint Chocolate Bar
 Hair Conditioner, Lemons, Standard coffee, Frozen Chicken Wings, Sugar Cookies, Onions, Deli Ham, D Cell Batteries, Paper Towels, Mint Chocolate Bar
 Hair Conditioner, Lemons, Standard coffee, Frozen Chicken Wings, Sugar Cookies, Onions, Deli Ham, D Cell Batteries, Paper Towels, Mint Chocolate Bar
 Hair Conditioner, Lemons, Standard coffee, Frozen Chicken Wings, Sugar Cookies, Onions, Deli Ham, D Cell Batteries, Paper Towels, Mint Chocolate Bar
 Hair Conditioner, Lemons, Standard coffee, Frozen Chicken Wings, Sugar Cookies, Onions, Deli Ham, D Cell Batteries, Paper Towels, Mint Chocolate Bar
 Hair Conditioner, Lemons, Standard coffee, Frozen Chicken Wings, Sugar Cookies, Onions, Deli Ham, D Cell Batteries, Paper Towels, Mint Chocolate Bar
 Hair Conditioner, Lemons, Standard coffee, Frozen Chicken Wings, Sugar Cookies, Onions, Deli Ham, D Cell Batteries, Paper Towels, Mint Chocolate Bar
 Hair Conditioner, Lemons, Standard coffee, Frozen Chicken Wings, Sugar Cookies, Onions, Deli Ham, D Cell Batteries, Paper Towels, Mint Chocolate Bar
 Hair Conditioner, Lemons, Standard coffee, Frozen Chicken Wings, Sugar Cookies, Onions, Deli Ham, D Cell Batteries, Paper Towels, Mint Chocolate Bar
 Hair Conditioner, Lemons, Standard coffee, Frozen Chicken Wings, Sugar Cookies, Onions, Deli Ham, D Cell Batteries, Paper Towels, Mint Chocolate Bar
 Hair Conditioner, Lemons, Standard coffee, Frozen Chicken Wings, Sugar Cookies, Onions, Deli Ham, D Cell Batteries, Paper Towels, Mint Chocolate Bar
 Hair Conditioner, Lemons, Standard coffee, Frozen Chicken Wings, Sugar Cookies, Onions, Deli Ham, D Cell Batteries, Paper Towels, Mint Chocolate Bar
 Hair Conditioner, Lemons, Standard coffee, Frozen Chicken Wings, Sugar Cookies, Onions, Deli Ham, D Cell Batteries, Paper Towels, Mint Chocolate Bar
 Hair Conditioner, Lemons, Standard coffee, Frozen Chicken Wings, Sugar Cookies, Onions, Deli Ham, D Cell Batteries, Paper Towels, Mint Chocolate Bar
 Hair Conditioner, Lemons, Standard coffee, Frozen Chicken Wings, Sugar Cookies, Onions, Deli Ham, D Cell Batteries, Paper Towels, Mint Chocolate Bar
 Hair Conditioner, Lemons, Standard coffee, Frozen Chicken Wings, Sugar Cookies, Onions, Deli Ham, D Cell Batteries, Paper Towels, Mint Chocolate Bar
 Hair Conditioner, Lemons, Standard coffee, Frozen Chicken Wings, Sugar Cookies, Onions, Deli Ham, D Cell Batteries, Paper Towels, Mint Chocolate Bar
 Hair Conditioner, Lemons, Standard coffee, Frozen Chicken Wings, Sugar Cookies, Onions, Deli Ham, D Cell Batteries, Paper Towels, Mint Chocolate Bar
 Hair Conditioner, Lemons, Standard coffee, Frozen Chicken Wings, Sugar Cookies, Onions, Deli Ham, D Cell Batteries, Paper Towels, Mint Chocolate Bar
 Hair Conditioner, Lemons, Standard coffee, Frozen Chicken Wings, Sugar Cookies, Onions, Deli Ham, D Cell Batteries, Paper Towels, Mint Chocolate Bar
 Hair Conditioner, Lemons, Standard coffee, Frozen Chicken Wings, Sugar Cookies, Onions, Deli Ham, D Cell Batteries, Paper Towels, Mint Chocolate Bar
 Hair Conditioner, Lemons, Standard coffee, Frozen Chicken Wings, Sugar Cookies, Onions, Deli Ham, D Cell Batteries, Paper Towels, Mint Chocolate Bar
 Hair Conditioner, Lemons, Standard coffee, Frozen Chicken Wings, Sugar Cookies, Onions, Deli Ham, D Cell Batteries, Paper Towels, Mint Chocolate Bar
 Hair Conditioner, Lemons, Standard coffee, Frozen Chicken Wings, Sugar Cookies, Onions, Deli Ham, D Cell Batteries, Paper Towels, Mint Chocolate Bar
 Hair Conditioner, Lemons, Standard coffee, Frozen Chicken Wings, Sugar Cookies, Onions, Deli Ham, D Cell Batteries, Paper Towels, Mint Chocolate Bar
 Hair Conditioner, Lemons, Standard coffee, Frozen Chicken Wings, Sugar Cookies, Onions, Deli Ham, D Cell Batteries, Paper Towels, Mint Chocolate Bar
 Hair Conditioner, Lemons, Standard coffee, Frozen Chicken Wings, Sugar Cookies, Onions, Deli Ham, D Cell Batteries, Paper Towels, Mint Chocolate Bar
 Hair Conditioner, Lemons, Standard coffee, Frozen Chicken Wings, Sugar Cookies, Onions, Deli Ham, D Cell Batteries, Paper Towels, Mint Chocolate Bar
 Hair Conditioner, Lemons, Standard coffee, Frozen Chicken Wings, Sugar Cookies, Onions, Deli Ham, D Cell Batteries, Paper Towels, Mint Chocolate Bar
 Hair Conditioner, Lemons, Standard coffee, Frozen Chicken Wings, Sugar Cookies, Onions, Deli Ham, D Cell Batteries, Paper Towels, Mint Chocolate Bar
 Hair Conditioner, Lemons, Standard coffee, Frozen Chicken Wings, Sugar Cookies, Onions, Deli Ham, D Cell Batteries, Paper Towels, Mint Chocolate Bar
 Hair Conditioner, Lemons, Standard coffee, Frozen Chicken Wings, Sugar Cookies, Onions, Deli Ham, D Cell Batteries, Paper Towels, Mint Chocolate Bar
 Hair Conditioner, Lemons, Standard coffee, Frozen Chicken Wings, Sugar Cookies, Onions, Deli Ham, D Cell Batteries, Paper Towels, Mint Chocolate Bar
 Hair Conditioner, Lemons, Standard coffee, Frozen Chicken Wings, Sugar Cookies, Onions, Deli Ham, D Cell Batteries, Paper Towels, Mint Chocolate Bar
 Hair Conditioner, Lemons, Standard coffee, Frozen Chicken Wings, Sugar Cookies, Onions, Deli Ham, D Cell Batteries, Paper Towels, Mint Chocolate Bar
 Hair Conditioner, Lemons, Standard coffee, Frozen Chicken Wings, Sugar Cookies, Onions, Deli Ham, D Cell Batteries, Paper Towels, Mint Chocolate Bar
 Hair Conditioner, Lemons, Standard coffee, Frozen Chicken Wings, Sugar Cookies, Onions, Deli Ham, D Cell Batteries, Paper Towels, Mint Chocolate Bar
 Hair Conditioner, Lemons, Standard coffee, Frozen Chicken Wings, Sugar Cookies, Onions, Deli Ham, D Cell Batteries, Paper Towels, Mint Chocolate Bar
 Hair Conditioner, Lemons, Standard coffee, Frozen Chicken Wings, Sugar Cookies, Onions, Deli Ham, D Cell Batteries, Paper Towels, Mint Chocolate Bar
 Hair Conditioner, Lemons, Standard coffee, Frozen Chicken Wings, Sugar Cookies, Onions, Deli Ham, D Cell Batteries, Paper Towels, Mint Chocolate Bar
 Hair Conditioner, Lemons, Standard coffee, Frozen Chicken Wings, Sugar Cookies, Onions, Deli Ham, D Cell Batteries, Paper Towels, Mint Chocolate Bar
 Hair Conditioner, Lemons, Standard coffee, Frozen Chicken Wings, Sugar Cookies, Onions, Deli Ham, D Cell Batteries, Paper Towels, Mint Chocolate Bar
 Hair Conditioner, Lemons, Standard coffee, Frozen Chicken Wings, Sugar Cookies, Onions, Deli Ham, D Cell Batteries, Paper Towels, Mint Chocolate Bar
 Hair Conditioner, Lemons, Standard coffee, Frozen Chicken Wings, Sugar Cookies, Onions, Deli Ham, D Cell Batteries, Paper Towels, Mint Chocolate Bar
 Hair Conditioner, Lemons, Standard coffee, Frozen Chicken Wings, Sugar Cookies, Onions, Deli Ham, D Cell Batteries, Paper Towels, Mint Chocolate Bar
 Hair Conditioner, Lemons, Standard coffee, Frozen Chicken Wings, Sugar Cookies, Onions, Deli Ham, D Cell Batteries, Paper Towels, Mint Chocolate Bar
 Hair Conditioner, Lemons, Standard coffee, Frozen Chicken Wings, Sugar Cookies, Onions, Deli Ham, D Cell Batteries, Paper Towels, Mint Chocolate Bar
 Hair Conditioner, Lemons, Standard coffee, Frozen Chicken Wings, Sugar Cookies, Onions, Deli Ham, D Cell Batteries, Paper Towels, Mint Chocolate Bar
 Hair Conditioner, Lemons, Standard coffee, Frozen Chicken Wings, Sugar Cookies, Onions, Deli Ham, D Cell Batteries, Paper Towels, Mint Chocolate Bar
 Hair Conditioner, Lemons, Standard coffee, Frozen Chicken Wings, Sugar Cookies, Onions, Deli Ham, D Cell Batteries, Paper Towels, Mint Chocolate Bar
 Hair Conditioner, Lemons, Standard coffee, Frozen Chicken Wings, Sugar Cookies, Onions, Deli Ham, D Cell Batteries, Paper Towels, Mint Chocolate Bar
 Hair Conditioner, Lemons, Standard coffee, Frozen Chicken Wings, Sugar Cookies, Onions, Deli Ham, D Cell Batteries, Paper Towels, Mint Chocolate Bar
 Hair Conditioner, Lemons, Standard coffee, Frozen Chicken Wings, Sugar Cookies, Onions, Deli Ham, D Cell Batteries, Paper Towels, Mint Chocolate Bar
 Hair Conditioner, Lemons, Standard coffee, Frozen Chicken Wings, Sugar Cookies, Onions, Deli Ham, D Cell Batteries, Paper Towels, Mint Chocolate Bar
 Hair Conditioner, Lemons, Standard coffee, Frozen Chicken Wings, Sugar Cookies, Onions, Deli Ham, D Cell Batteries, Paper Towels, Mint Chocolate Bar
 Hair Conditioner, Lemons, Standard coffee, Frozen Chicken Wings, Sugar Cookies, Onions, Deli Ham, D Cell Batteries, Paper Towels, Mint Chocolate Bar
 Hair Conditioner, Lemons, Standard coffee, Frozen Chicken Wings, Sugar Cookies, Onions, Deli Ham, D Cell Batteries, Paper Towels, Mint Chocolate Bar
 Hair Conditioner, Lemons, Standard coffee, Frozen Chicken Wings, Sugar Cookies, Onions, Deli Ham, D Cell Batteries, Paper Towels, Mint Chocolate Bar
 Hair Conditioner, Lemons, Standard coffee, Frozen Chicken Wings, Sugar Cookies, Onions, Deli Ham, D Cell Batteries, Paper Towels, Mint Chocolate Bar
 Hair Conditioner, Lemons, Standard coffee, Frozen Chicken Wings, Sugar Cookies, Onions, Deli Ham, D Cell Batteries, Paper Towels, Mint Chocolate Bar
 Hair Conditioner, Lemons, Standard coffee, Frozen Chicken Wings, Sugar Cookies, Onions, Deli Ham, D Cell Batteries, Paper Towels, Mint Chocolate Bar
 Hair Conditioner, Lemons, Standard coffee, Frozen Chicken Wings, Sugar Cookies, Onions, Deli Ham, D Cell Batteries, Paper Towels, Mint Chocolate Bar
 Hair Conditioner, Lemons, Standard coffee, Frozen Chicken Wings, Sugar Cookies, Onions, Deli Ham, D Cell Batteries, Paper Towels, Mint Chocolate Bar
 Hair Conditioner, Lemons, Standard coffee, Frozen Chicken Wings, Sugar Cookies, Onions, Deli Ham, D Cell Batteries, Paper Towels, Mint Chocolate Bar
 Hair Conditioner, Lemons, Standard coffee, Frozen Chicken Wings, Sugar Cookies, Onions, Deli Ham, D Cell Batteries, Paper Towels, Mint Chocolate Bar
 Hair Conditioner, Lemons, Standard coffee, Frozen Chicken Wings, Sugar Cookies, Onions, Deli Ham, D Cell Batteries, Paper Towels, Mint Chocolate Bar
 Hair Conditioner, Lemons, Standard coffee, Frozen Chicken Wings, Sugar Cookies, Onions, Deli Ham, D Cell Batteries, Paper Towels, Mint Chocolate Bar
 Hair Conditioner, Lemons, Standard coffee, Frozen Chicken Wings, Sugar Cookies, Onions, Deli Ham, D Cell Batteries, Paper Towels, Mint Chocolate Bar
 Hair Conditioner, Lemons, Standard coffee, Frozen Chicken Wings, Sugar Cookies, Onions, Deli Ham, D Cell Batteries, Paper Towels, Mint Chocolate Bar
 Hair Conditioner, Lemons, Standard coffee, Frozen Chicken Wings, Sugar Cookies, Onions, Deli Ham, D Cell Batteries, Paper Towels, Mint Chocolate Bar
 Hair Conditioner, Lemons, Standard coffee, Frozen Chicken Wings, Sugar Cookies, Onions, Deli Ham, D Cell Batteries, Paper Towels, Mint Chocolate Bar
 Hair Conditioner, Lemons, Standard coffee, Frozen Chicken Wings, Sugar Cookies, Onions, Deli Ham, D Cell Batteries, Paper Towels, Mint Chocolate Bar
 Hair Conditioner, Lemons, Standard coffee, Frozen Chicken Wings, Sugar Cookies, Onions, Deli Ham, D Cell Batteries, Paper Towels, Mint Chocolate Bar
 Hair Conditioner, Lemons, Standard coffee, Frozen Chicken Wings, Sugar Cookies, Onions, Deli Ham, D Cell Batteries, Paper Towels, Mint Chocolate Bar
 Hair Conditioner, Lemons, Standard coffee, Frozen Chicken Wings, Sugar Cookies, Onions, Deli Ham, D Cell Batteries, Paper Towels, Mint Chocolate Bar
 Hair Conditioner, Lemons, Standard coffee, Frozen Chicken Wings, Sugar Cookies, Onions, Deli Ham, D Cell Batteries, Paper Towels, Mint Chocolate Bar
 Hair Conditioner, Lemons, Standard coffee, Frozen Chicken Wings, Sugar Cookies, Onions, Deli Ham, D Cell Batteries, Paper Towels, Mint Chocolate Bar
 Hair Conditioner, Lemons, Standard coffee, Frozen Chicken Wings, Sugar Cookies, Onions, Deli Ham, D Cell Batteries, Paper Towels, Mint Chocolate Bar
 Hair Conditioner, Lemons, Standard coffee, Frozen Chicken Wings, Sugar Cookies, Onions, Deli Ham, D Cell Batteries, Paper Towels, Mint Chocolate Bar
 Hair Conditioner, Lemons, Standard coffee, Frozen Chicken Wings, Sugar Cookies, Onions, Deli Ham, D Cell Batteries, Paper Towels, Mint Chocolate Bar
 Hair Conditioner, Lemons, Standard coffee, Frozen Chicken Wings, Sugar Cookies, Onions, Deli Ham, D Cell Batteries, Paper Towels, Mint Chocolate Bar
 Hair Conditioner, Lemons, Standard coffee, Frozen Chicken Wings, Sugar Cookies, Onions, Deli Ham, D Cell Batteries, Paper Towels, Mint Chocolate Bar
 Hair Conditioner, Lemons, Standard coffee, Frozen Chicken Wings, Sugar Cookies, Onions, Deli Ham, D Cell Batteries, Paper Towels, Mint Chocolate Bar
 Hair Conditioner, Lemons, Standard coffee, Frozen Chicken Wings, Sugar Cookies, Onions, Deli Ham, D Cell Batteries, Paper Towels, Mint Chocolate Bar
 Hair Conditioner, Lemons, Standard coffee, Frozen Chicken Wings, Sugar Cookies, Onions, Deli Ham, D Cell Batteries, Paper Towels, Mint Chocolate Bar
 Hair Conditioner, Lemons, Standard coffee, Frozen Chicken Wings, Sugar Cookies, Onions, Deli Ham, D Cell Batteries, Paper Towels, Mint Chocolate Bar
 Hair Conditioner, Lemons, Standard coffee, Frozen Chicken Wings, Sugar Cookies, Onions, Deli Ham, D Cell Batteries, Paper Towels, Mint Chocolate Bar
 Hair Conditioner, Lemons, Standard coffee, Frozen Chicken Wings, Sugar Cookies, Onions, Deli Ham, D Cell Batteries, Paper Towels, Mint Chocolate Bar
 Hair Conditioner, Lemons, Standard coffee, Frozen Chicken Wings, Sugar Cookies, Onions, Deli Ham, D Cell Batteries, Paper Towels, Mint Chocolate Bar
 Hair Conditioner, Lemons, Standard coffee, Frozen Chicken Wings, Sugar Cookies, Onions, Deli Ham, D Cell Batteries, Paper Towels, Mint Chocolate Bar
 Hair Conditioner, Lemons, Standard coffee, Frozen Chicken Wings, Sugar Cookies, Onions, Deli Ham, D Cell Batteries, Paper Towels, Mint Chocolate Bar
 Hair Conditioner, Lemons, Standard coffee, Frozen Chicken Wings, Sugar Cookies, Onions, Deli Ham, D Cell Batteries, Paper Towels, Mint Chocolate Bar
 Hair Conditioner, Lemons, Standard coffee, Frozen Chicken Wings, Sugar Cookies, Onions, Deli Ham, D Cell Batteries, Paper Towels, Mint Chocolate Bar
 Hair Conditioner, Lemons, Standard coffee, Frozen Chicken Wings, Sugar Cookies, Onions, Deli Ham, D Cell Batteries, Paper Towels, Mint Chocolate Bar
 Hair Conditioner, Lemons, Standard coffee, Frozen Chicken Wings, Sugar Cookies, Onions, Deli Ham, D Cell Batteries, Paper Towels, Mint Chocolate Bar
 Hair Conditioner, Lemons, Standard coffee, Frozen Chicken Wings, Sugar Cookies, Onions, Deli Ham, D Cell Batteries, Paper Towels, Mint Chocolate Bar
 Hair Conditioner, Lemons, Standard coffee, Frozen Chicken Wings, Sugar Cookies, Onions, Deli Ham, D Cell Batteries, Paper Towels, Mint Chocolate Bar
 Hair Conditioner, Lemons, Standard coffee, Frozen Chicken Wings, Sugar Cookies, Onions, Deli Ham, D Cell Batteries, Paper Towels, Mint Chocolate Bar
 Hair Conditioner, Lemons, Standard coffee, Frozen Chicken Wings, Sugar Cookies, Onions, Deli Ham, D Cell Batteries, Paper Towels, Mint Chocolate Bar
 Hair Conditioner, Lemons, Standard coffee, Frozen Chicken Wings, Sugar Cookies, Onions, Deli Ham, D Cell Batteries, Paper Towels, Mint Chocolate Bar
 Hair Conditioner, Lemons, Standard coffee, Frozen Chicken Wings, Sugar Cookies, Onions, Deli Ham, D Cell Batteries, Paper Towels, Mint Chocolate Bar
 Hair Conditioner, Lemons, Standard coffee, Frozen Chicken Wings, Sugar Cookies, Onions, Deli Ham, D Cell Batteries, Paper Towels, Mint Chocolate Bar
 Hair Conditioner, Lemons, Standard coffee, Frozen Chicken Wings, Sugar Cookies, Onions, Deli Ham, D Cell Batteries, Paper Towels, Mint Chocolate Bar
 Hair Conditioner, Lemons, Standard coffee, Frozen Chicken Wings, Sugar Cookies, Onions, Deli Ham, D Cell Batteries, Paper Towels, Mint Chocolate Bar
 Hair Conditioner, Lemons, Standard coffee, Frozen Chicken Wings, Sugar Cookies, Onions, Deli Ham, D Cell Batteries, Paper Towels, Mint Chocolate Bar
 Hair Conditioner, Lemons, Standard coffee, Frozen Chicken Wings, Sugar Cookies, Onions, Deli Ham, D Cell Batteries, Paper Towels, Mint Chocolate Bar
 Hair Conditioner, Lemons, Standard coffee, Frozen Chicken Wings, Sugar Cookies, Onions, Deli Ham, D Cell Batteries, Paper Towels, Mint Chocolate Bar
 Hair Conditioner, Lemons, Standard coffee, Frozen Chicken Wings, Sugar Cookies, Onions, Deli Ham, D Cell Batteries, Paper Towels, Mint Chocolate Bar
 Hair Conditioner, Lemons, Standard coffee, Frozen Chicken Wings, Sugar Cookies, Onions, Deli Ham, D Cell Batteries, Paper Towels, Mint Chocolate Bar
 Hair Conditioner, Lemons, Standard coffee, Frozen Chicken Wings, Sugar Cookies, Onions, Deli Ham, D Cell Batteries, Paper Towels, Mint Chocolate Bar
 Hair Conditioner, Lemons, Standard coffee, Frozen Chicken Wings, Sugar Cookies, Onions, Deli Ham, D Cell Batteries, Paper Towels, Mint Chocolate Bar
 Hair Conditioner, Lemons, Standard coffee, Frozen Chicken Wings, Sugar Cookies, Onions, Deli Ham, D Cell Batteries, Paper Towels, Mint Chocolate Bar
 Hair Conditioner, Lemons, Standard coffee, Frozen Chicken Wings, Sugar Cookies, Onions, Deli Ham, D Cell Batteries, Paper Towels, Mint Chocolate Bar
 Hair Conditioner, Lemons, Standard coffee, Frozen Chicken Wings, Sugar Cookies, Onions, Deli Ham, D Cell Batteries, Paper Towels, Mint Chocolate Bar
 Hair Conditioner, Lemons, Standard coffee, Frozen Chicken Wings, Sugar Cookies, Onions, Deli Ham, D Cell Batteries, Paper Towels, Mint Chocolate Bar
 Hair Conditioner, Lemons, Standard coffee, Frozen Chicken Wings, Sugar Cookies, Onions, Deli Ham, D Cell Batteries, Paper Towels, Mint Chocolate Bar
 Hair Conditioner, Lemons, Standard coffee, Frozen Chicken Wings, Sugar Cookies, Onions, Deli Ham, D Cell Batteries, Paper Towels, Mint Chocolate Bar
 Hair Conditioner, Lemons, Standard coffee, Frozen Chicken Wings, Sugar Cookies, Onions, Deli Ham, D Cell Batteries, Paper Towels, Mint Chocolate Bar
 Hair Conditioner, Lemons, Standard coffee, Frozen Chicken Wings, Sugar Cookies, Onions, Deli Ham, D Cell Batteries, Paper Towels, Mint Chocolate Bar
 Hair Conditioner, Lemons, Standard coffee, Frozen Chicken Wings, Sugar Cookies, Onions, Deli Ham, D Cell Batteries, Paper Towels, Mint Chocolate Bar
 Hair Conditioner, Lemons, Standard coffee, Frozen Chicken Wings, Sugar Cookies, Onions, Deli Ham, D Cell Batteries, Paper Towels, Mint Chocolate Bar
 Hair Conditioner, Lemons, Standard coffee, Frozen Chicken Wings, Sugar Cookies, Onions, Deli Ham, D Cell Batteries, Paper Towels, Mint Chocolate Bar
 Hair Conditioner, Lemons, Standard coffee, Frozen Chicken Wings, Sugar Cookies, Onions, Deli Ham, D Cell Batteries, Paper Towels, Mint Chocolate Bar
 Hair Conditioner, Lemons, Standard coffee, Frozen Chicken Wings, Sugar Cookies, Onions, Deli Ham, D Cell Batteries, Paper Towels, Mint Chocolate Bar
 Hair Conditioner, Lemons, Standard coffee, Frozen Chicken Wings, Sugar Cookies, Onions, Deli Ham, D Cell Batteries, Paper Towels, Mint Chocolate Bar
 Hair Conditioner, Lemons, Standard coffee, Frozen Chicken Wings, Sugar Cookies, Onions, Deli Ham, D Cell Batteries, Paper Towels, Mint Chocolate Bar
 Hair Conditioner, Lemons, Standard coffee, Frozen Chicken Wings, Sugar Cookies, Onions, Deli Ham, D Cell Batteries, Paper Towels, Mint Chocolate Bar
 Hair Conditioner, Lemons, Standard coffee, Frozen Chicken Wings, Sugar Cookies, Onions, Deli Ham, D Cell Batteries, Paper Towels, Mint Chocolate Bar
 Hair Conditioner, Lemons, Standard coffee, Frozen Chicken Wings, Sugar Cookies, Onions, Deli Ham, D Cell Batteries, Paper Towels, Mint Chocolate Bar
 Hair Conditioner, Lemons, Standard coffee, Frozen Chicken Wings, Sugar Cookies, Onions, Deli Ham, D Cell Batteries, Paper Towels, Mint Chocolate Bar
 Hair Conditioner, Lemons, Standard coffee, Frozen Chicken Wings, Sugar Cookies, Onions, Deli Ham, D Cell Batteries, Paper Towels, Mint Chocolate Bar
 Hair Conditioner, Lemons, Standard coffee, Frozen Chicken Wings, Sugar Cookies, Onions, Deli Ham, D Cell Batteries, Paper Towels, Mint Chocolate Bar
 Hair Conditioner, Lemons, Standard coffee, Frozen Chicken Wings, Sugar Cookies, Onions, Deli Ham, D Cell Batteries, Paper Towels, Mint Chocolate Bar
 Hair Conditioner, Lemons, Standard coffee, Frozen Chicken Wings, Sugar Cookies, Onions, Deli Ham, D Cell Batteries, Paper Towels, Mint Chocolate Bar
 Hair Conditioner, Lemons, Standard coffee, Frozen Chicken Wings, Sugar Cookies, Onions, Deli Ham, D Cell Batteries, Paper Towels, Mint Chocolate Bar
 Hair Conditioner, Lemons, Standard coffee, Frozen Chicken Wings, Sugar Cookies, Onions, Deli Ham, D Cell Batteries, Paper Towels, Mint Chocolate Bar
 Hair Conditioner, Lemons, Standard coffee, Frozen Chicken Wings, Sugar Cookies, Onions, Deli Ham, D Cell Batteries, Paper Towels, Mint Chocolate Bar
 Hair Conditioner, Lemons, Standard coffee, Frozen Chicken Wings, Sugar Cookies, Onions, Deli Ham, D Cell Batteries, Paper Towels, Mint Chocolate Bar
 Hair Conditioner, Lemons, Standard coffee, Frozen Chicken Wings, Sugar Cookies, Onions, Deli Ham, D Cell Batteries, Paper Towels, Mint Chocolate Bar
 Hair Conditioner, Lemons, Standard coffee, Frozen Chicken Wings, Sugar Cookies, Onions, Deli Ham, D Cell Batteries, Paper Towels, Mint Chocolate Bar
 Hair Conditioner, Lemons, Standard coffee, Frozen Chicken Wings, Sugar Cookies, Onions, Deli Ham, D Cell Batteries, Paper Towels, Mint Chocolate Bar
 Hair Conditioner, Lemons, Standard coffee, Frozen Chicken Wings, Sugar Cookies, Onions, Deli Ham, D Cell Batteries, Paper Towels, Mint Chocolate Bar
 Hair Conditioner, Lemons, Standard coffee, Frozen Chicken Wings, Sugar Cookies, Onions, Deli Ham, D Cell Batteries, Paper Towels, Mint Chocolate Bar
 Hair Conditioner, Lemons, Standard coffee, Frozen Chicken Wings, Sugar Cookies, Onions, Deli Ham, D Cell Batteries, Paper Towels, Mint Chocolate Bar
 Hair Conditioner, Lemons, Standard coffee, Frozen Chicken Wings, Sugar Cookies, Onions, Deli Ham, D Cell Batteries, Paper Towels, Mint Chocolate Bar
 Hair Conditioner, Lemons, Standard coffee, Frozen Chicken Wings, Sugar Cookies, Onions, Deli Ham, D Cell Batteries, Paper Towels, Mint Chocolate Bar
 Hair Conditioner, Lemons, Standard coffee, Frozen Chicken Wings, Sugar Cookies, Onions, Deli Ham, D Cell Batteries, Paper Towels, Mint Chocolate Bar
 Hair Conditioner, Lemons, Standard coffee, Frozen Chicken Wings, Sugar Cookies, Onions, Deli Ham, D Cell Batteries, Paper Towels, Mint Chocolate Bar
 Hair Conditioner, Lemons, Standard coffee, Frozen Chicken Wings, Sugar Cookies, Onions, Deli Ham, D Cell Batteries, Paper Towels, Mint Chocolate Bar
 Hair Conditioner, Lemons, Standard coffee, Frozen Chicken Wings, Sugar Cookies, Onions, Deli Ham, D Cell Batteries, Paper Towels, Mint Chocolate Bar
 Hair Conditioner, Lemons, Standard coffee, Frozen Chicken Wings, Sugar Cookies, Onions, Deli Ham, D Cell Batteries, Paper Towels, Mint Chocolate Bar
 Hair Conditioner, Lemons, Standard coffee, Frozen Chicken Wings, Sugar Cookies, Onions, Deli Ham, D Cell Batteries, Paper Towels, Mint Chocolate Bar
 Hair Conditioner, Lemons, Standard coffee, Frozen Chicken Wings, Sugar Cookies, Onions, Deli Ham, D Cell Batteries, Paper Towels, Mint Chocolate Bar
 Hair Conditioner, Lemons, Standard coffee, Frozen Chicken Wings, Sugar Cookies, Onions, Deli Ham, D Cell Batteries, Paper Towels, Mint Chocolate Bar
 Hair Conditioner, Lemons, Standard coffee, Frozen Chicken Wings, Sugar Cookies, Onions, Deli Ham, D Cell Batteries, Paper Towels, Mint Chocolate Bar
 Hair Conditioner, Lemons, Standard coffee, Frozen Chicken Wings, Sugar Cookies, Onions, Deli Ham, D Cell Batteries, Paper Towels, Mint Chocolate Bar
 Hair Conditioner, Lemons, Standard coffee, Frozen Chicken Wings, Sugar Cookies, Onions, Deli Ham, D Cell Batteries, Paper Towels, Mint Chocolate Bar
 Hair Conditioner, Lemons, Standard coffee, Frozen Chicken Wings, Sugar Cookies, Onions, Deli Ham, D Cell Batteries, Paper Towels, Mint Chocolate Bar
 Hair Conditioner, Lemons, Standard coffee, Frozen Chicken Wings, Sugar Cookies, Onions, Deli Ham, D Cell Batteries, Paper Towels, Mint Chocolate Bar
 Hair Conditioner, Lemons, Standard coffee, Frozen Chicken Wings, Sugar Cookies, Onions, Deli Ham, D Cell Batteries, Paper Towels, Mint Chocolate Bar
 Hair Conditioner, Lemons, Standard coffee, Frozen Chicken Wings, Sugar Cookies, Onions, Deli Ham, D Cell Batteries, Paper Towels, Mint Chocolate Bar
 Hair Conditioner, Lemons, Standard coffee, Frozen Chicken Wings, Sugar Cookies, Onions, Deli Ham, D Cell Batteries, Paper Towels, Mint Chocolate Bar
 Hair Conditioner, Lemons, Standard coffee, Frozen Chicken Wings, Sugar Cookies, Onions, Deli Ham, D Cell Batteries, Paper Towels, Mint Chocolate Bar
 Hair Conditioner, Lemons, Standard coffee, Frozen Chicken Wings, Sugar Cookies, Onions, Deli Ham, D Cell Batteries, Paper Towels, Mint Chocolate Bar
 Hair Conditioner, Lemons, Standard coffee, Frozen Chicken Wings, Sugar Cookies, Onions, Deli Ham, D Cell Batteries, Paper Towels, Mint Chocolate Bar
 Hair Conditioner, Lemons, Standard coffee, Frozen Chicken Wings, Sugar Cookies, Onions, Deli Ham, D Cell Batteries, Paper Towels, Mint Chocolate Bar
 Hair Conditioner, Lemons, Standard coffee, Frozen Chicken Wings, Sugar Cookies, Onions, Deli Ham, D Cell Batteries, Paper Towels, Mint Chocolate Bar
 Hair Conditioner, Lemons, Standard coffee, Frozen Chicken Wings, Sugar Cookies, Onions, Deli Ham, D Cell Batteries, Paper Towels, Mint Chocolate Bar
 Hair Conditioner, Lemons, Standard coffee, Frozen Chicken Wings, Sugar Cookies, Onions, Deli Ham, D Cell Batteries, Paper Towels, Mint Chocolate Bar
 Hair Conditioner, Lemons, Standard coffee, Frozen Chicken Wings, Sugar Cookies, Onions, Deli Ham, D Cell Batteries, Paper Towels, Mint Chocolate Bar
 Hair Conditioner, Lemons, Standard coffee, Frozen Chicken Wings, Sugar Cookies, Onions, Deli Ham, D Cell Batteries, Paper Towels, Mint Chocolate Bar
 Hair Conditioner, Lemons, Standard coffee, Frozen Chicken Wings, Sugar Cookies, Onions, Deli Ham, D Cell Batteries, Paper Towels, Mint Chocolate Bar
 Hair Conditioner, Lemons, Standard coffee, Frozen Chicken Wings, Sugar Cookies, Onions, Deli Ham, D Cell Batteries, Paper Towels, Mint Chocolate Bar
 Hair Conditioner, Lemons, Standard coffee, Frozen Chicken Wings, Sugar Cookies, Onions, Deli Ham, D Cell Batteries, Paper Towels, Mint Chocolate Bar
 Hair Conditioner, Lemons, Standard coffee, Frozen Chicken Wings, Sugar Cookies, Onions, Deli Ham, D Cell Batteries, Paper Towels, Mint Chocolate Bar
 Hair Conditioner, Lemons, Standard coffee, Frozen Chicken Wings, Sugar Cookies, Onions, Deli Ham, D Cell Batteries, Paper Towels, Mint Chocolate Bar
 Hair Conditioner, Lemons, Standard coffee, Frozen Chicken Wings, Sugar Cookies, Onions, Deli Ham, D Cell Batteries, Paper Towels, Mint Chocolate Bar
 Hair Conditioner, Lemons, Standard coffee, Frozen Chicken Wings, Sugar Cookies, Onions, Deli Ham, D Cell Batteries, Paper Towels, Mint Chocolate Bar
 Hair Conditioner, Lemons, Standard coffee, Frozen Chicken Wings, Sugar Cookies, Onions, Deli Ham, D Cell Batteries, Paper Towels, Mint Chocolate Bar
 Hair Conditioner, Lemons, Standard coffee, Frozen Chicken Wings, Sugar Cookies, Onions, Deli Ham, D Cell Batteries, Paper Towels, Mint Chocolate Bar
 Hair Conditioner, Lemons, Standard coffee, Frozen Chicken Wings, Sugar Cookies, Onions, Deli Ham, D Cell Batteries, Paper Towels, Mint Chocolate Bar
 Hair Conditioner, Lemons, Standard coffee, Frozen Chicken Wings, Sugar Cookies, Onions, Deli Ham, D Cell Batteries, Paper Towels, Mint Chocolate Bar
 Hair Conditioner, Lemons, Standard coffee, Frozen Chicken Wings, Sugar Cookies, Onions, Deli Ham, D Cell Batteries, Paper Towels, Mint Chocolate Bar
 Hair Conditioner, Lemons, Standard coffee, Frozen Chicken Wings, Sugar Cookies, Onions, Deli Ham, D Cell Batteries, Paper Towels, Mint Chocolate Bar
 Hair Conditioner, Lemons, Standard coffee, Frozen Chicken Wings, Sugar Cookies, Onions, Deli Ham, D Cell Batteries, Paper Towels, Mint Chocolate Bar
 Hair Conditioner, Lemons, Standard coffee, Frozen Chicken Wings, Sugar Cookies, Onions, Deli Ham, D Cell Batteries, Paper Towels, Mint Chocolate Bar
 Hair Conditioner, Lemons, Standard coffee, Frozen Chicken Wings, Sugar Cookies, Onions, Deli Ham, D Cell Batteries, Paper Towels, Mint Chocolate Bar
 Hair Conditioner, Lemons, Standard coffee, Frozen Chicken Wings, Sugar Cookies, Onions, Deli Ham, D Cell Batteries, Paper Towels, Mint Chocolate Bar
 Hair Conditioner, Lemons, Standard coffee, Frozen Chicken Wings, Sugar Cookies, Onions, Deli Ham, D Cell Batteries, Paper Towels, Mint Chocolate Bar
 Hair Conditioner, Lemons, Standard coffee, Frozen Chicken Wings, Sugar Cookies, Onions, Deli Ham, D Cell Batteries, Paper Towels, Mint Chocolate Bar
 Hair Conditioner, Lemons, Standard coffee, Frozen Chicken Wings, Sugar Cookies, Onions, Deli Ham, D Cell Batteries, Paper Towels, Mint Chocolate Bar
 Hair Conditioner, Lemons, Standard coffee, Frozen Chicken Wings, Sugar Cookies, Onions, Deli Ham, D Cell Batteries, Paper Towels, Mint Chocolate Bar
 Hair Conditioner, Lemons, Standard coffee, Frozen Chicken Wings, Sugar Cookies, Onions, Deli Ham, D Cell Batteries, Paper Towels, Mint Chocolate Bar
 Hair Conditioner, Lemons, Standard coffee, Frozen Chicken Wings, Sugar Cookies, Onions, Deli Ham, D Cell Batteries, Paper Towels, Mint Chocolate Bar
 Hair Conditioner, Lemons, Standard coffee, Frozen Chicken Wings, Sugar Cookies, Onions, Deli Ham, D Cell Batteries, Paper Towels, Mint Chocolate Bar
 Hair Conditioner, Lemons, Standard coffee, Frozen Chicken Wings, Sugar Cookies, Onions, Deli Ham, D Cell Batteries, Paper Towels, Mint Chocolate Bar
 Hair Conditioner, Lemons, Standard coffee, Frozen Chicken Wings, Sugar Cookies, Onions, Deli Ham, D Cell Batteries, Paper Towels, Mint Chocolate Bar
 Hair Conditioner, Lemons, Standard coffee, Frozen Chicken Wings, Sugar Cookies, Onions, Deli Ham, D Cell Batteries, Paper Towels, Mint Chocolate Bar
 Hair Conditioner, Lemons, Standard coffee, Frozen Chicken Wings, Sugar Cookies, Onions, Deli Ham, D Cell Batteries, Paper Towels, Mint Chocolate Bar
 Hair Conditioner, Lemons, Standard coffee, Frozen Chicken Wings, Sugar Cookies, Onions, Deli Ham, D Cell Batteries, Paper Towels, Mint Chocolate Bar
 Hair Conditioner, Lemons, Standard coffee, Frozen Chicken Wings, Sugar Cookies, Onions, Deli Ham, D Cell Batteries, Paper Towels, Mint Chocolate Bar
 Hair Conditioner, Lemons, Standard coffee, Frozen Chicken Wings, Sugar Cookies, Onions, Deli Ham, D Cell Batteries, Paper Towels, Mint Chocolate Bar
 Hair Conditioner, Lemons, Standard coffee, Frozen Chicken Wings, Sugar Cookies, Onions, Deli Ham, D Cell Batteries, Paper Towels, Mint Chocolate Bar
 Hair Conditioner, Lemons, Standard coffee, Frozen Chicken Wings, Sugar Cookies, Onions, Deli Ham, D Cell Batteries, Paper Towels, Mint Chocolate Bar
 Hair Conditioner, Lemons, Standard coffee, Frozen Chicken Wings, Sugar Cookies, Onions, Deli Ham, D Cell Batteries, Paper Towels, Mint Chocolate Bar
 Hair Conditioner, Lemons, Standard coffee, Frozen Chicken Wings, Sugar Cookies, Onions, Deli Ham, D Cell Batteries, Paper Towels, Mint Chocolate Bar
 Hair Conditioner, Lemons, Standard coffee, Frozen Chicken Wings, Sugar Cookies, Onions, Deli Ham, D Cell Batteries, Paper Towels, Mint Chocolate Bar
 Hair Conditioner, Lemons, Standard coffee, Frozen Chicken Wings, Sugar Cookies, Onions, Deli Ham, D Cell Batteries, Paper Towels, Mint Chocolate Bar
 Hair Conditioner, Lemons, Standard coffee, Frozen Chicken Wings, Sugar Cookies, Onions, Deli Ham, D Cell Batteries, Paper Towels, Mint Chocolate Bar
 Hair Conditioner, Lemons, Standard coffee, Frozen Chicken Wings, Sugar Cookies, Onions, Deli Ham, D Cell Batteries, Paper Towels, Mint Chocolate Bar
 Hair Conditioner, Lemons, Standard coffee, Frozen Chicken Wings, Sugar Cookies, Onions, Deli Ham, D Cell Batteries, Paper Towels, Mint Chocolate Bar
 Hair Conditioner, Lemons, Standard coffee, Frozen Chicken Wings, Sugar Cookies, Onions, Deli Ham, D Cell Batteries, Paper Towels, Mint Chocolate Bar
 Hair Conditioner, Lemons, Standard coffee, Frozen Chicken Wings, Sugar Cookies, Onions, Deli Ham, D Cell Batteries, Paper Towels, Mint Chocolate Bar
 Hair Conditioner, Lemons, Standard coffee, Frozen Chicken Wings, Sugar Cookies, Onions, Deli Ham, D Cell Batteries, Paper Towels, Mint Chocolate Bar
 Hair Conditioner, Lemons, Standard coffee, Frozen Chicken Wings, Sugar Cookies, Onions, Deli Ham, D Cell Batteries, Paper Towels, Mint Chocolate Bar
 Hair Conditioner, Lemons, Standard coffee, Frozen Chicken Wings, Sugar Cookies, Onions, Deli Ham, D Cell Batteries, Paper Towels, Mint Chocolate Bar
 Hair Conditioner, Lemons, Standard coffee, Frozen Chicken Wings, Sugar Cookies, Onions, Deli Ham, D Cell Batteries, Paper Towels, Mint Chocolate Bar
 Hair Conditioner, Lemons, Standard coffee, Frozen Chicken Wings, Sugar Cookies, Onions, Deli Ham, D Cell Batteries, Paper Towels, Mint Chocolate Bar
 Hair Conditioner, Lemons, Standard coffee, Frozen Chicken Wings, Sugar Cookies, Onions, Deli Ham, D Cell Batteries, Paper Towels, Mint Chocolate Bar
 Hair Conditioner, Lemons, Standard coffee, Frozen Chicken Wings, Sugar Cookies, Onions, Deli Ham, D Cell Batteries, Paper Towels, Mint Chocolate Bar
 Hair Conditioner, Lemons, Standard coffee, Frozen Chicken Wings, Sugar Cookies, Onions, Deli Ham, D Cell Batteries, Paper Towels, Mint Chocolate Bar
 Hair Conditioner, Lemons, Standard coffee, Frozen Chicken Wings, Sugar Cookies, Onions, Deli Ham, D Cell Batteries, Paper Towels, Mint Chocolate Bar
 Hair Conditioner, Lemons, Standard coffee, Frozen Chicken Wings, Sugar Cookies, Onions, Deli Ham, D Cell Batteries, Paper Towels, Mint Chocolate Bar
 Hair Conditioner, Lemons, Standard coffee, Frozen Chicken Wings, Sugar Cookies, Onions, Deli Ham, D Cell Batteries, Paper Towels, Mint Chocolate Bar
 Hair Conditioner, Lemons, Standard coffee, Frozen Chicken Wings, Sugar Cookies, Onions, Deli Ham, D Cell Batteries, Paper Towels, Mint Chocolate Bar
 Hair Conditioner, Lemons, Standard coffee, Frozen Chicken Wings, Sugar Cookies, Onions, Deli Ham, D Cell Batteries, Paper Towels, Mint Chocolate Bar
 Hair Conditioner, Lemons, Standard coffee, Frozen Chicken Wings, Sugar Cookies, Onions, Deli Ham, D Cell Batteries, Paper Towels, Mint Chocolate Bar
 Hair Conditioner, Lemons, Standard coffee, Frozen Chicken Wings, Sugar Cookies, Onions, Deli Ham, D Cell Batteries, Paper Towels, Mint Chocolate Bar
 Hair Conditioner, Lemons, Standard coffee, Frozen Chicken Wings, Sugar Cookies, Onions, Deli Ham, D Cell Batteries, Paper Towels, Mint Chocolate Bar
 Hair Conditioner, Lemons,, Frozen Chicken Wings, Sugar Cookies, Onions, Deli Ham, D Cell Batteries, Paper Towels,
 Hair Conditioner, Lemons,, Frozen Chicken Wings, Sugar Cookies, Onions, Deli Ham, D Cell Batteries, Paper Towels,
 Hair Conditioner, Lemons,, Frozen Chicken Wings, Sugar Cookies, Onions, Deli Ham, D Cell Batteries, Paper Towels,
 Hair Conditioner, Lemons,, Frozen Chicken Wings, Sugar Cookies, Onions, Deli Ham, D Cell Batteries, Paper Towels,
 Hair Conditioner, Lemons,, Frozen Chicken Wings, Sugar Cookies,, Deli Ham, D Cell Batteries, Paper Towels,
 Hair Conditioner,,, Frozen Chicken Wings, Sugar Cookies,, Deli Ham, D Cell Batteries, Paper Towels,
 Hair Conditioner,,, Frozen Chicken Wings, Sugar Cookies,, Deli Ham, D Cell Batteries, Paper Towels,
 Hair Conditioner,,, Frozen Chicken Wings,,, Deli Ham, D Cell Batteries, Paper Towels,
 Hair Conditioner,,, Frozen Chicken Wings,,, Deli Ham,, Paper Towels,
 Hair Conditioner,,, Frozen Chicken Wings,,, Deli Ham,, Paper Towels,
 Hair Conditioner,,, Frozen Chicken Wings,,, Deli Ham,, Paper Towels,
 Hair Conditioner,,, Frozen Chicken Wings,,, Deli Ham,, Paper Towels,
 Hair Conditioner,,, Frozen Chicken Wings,,, Deli Ham,, Paper Towels,
 Hair Conditioner,,, Frozen Chicken Wings,,, Deli Ham,, Paper Towels,
 Hair Conditioner,,, Frozen Chicken Wings,,, Deli Ham,, Paper Towels,
 Hair Conditioner,,, Frozen Chicken Wings,,, Deli Ham,, Paper Towels,
 Hair Conditioner,,, Frozen Chicken Wings,,, Deli Ham,, Paper Towels,
 Hair Conditioner,,, Frozen Chicken Wings,,, Deli Ham,, Paper Towels,
,,, Frozen Chicken Wings,,, Deli Ham,, Paper Towels,
,,, Frozen Chicken Wings,,, Deli Ham,, Paper Towels,
,,, Frozen Chicken Wings,,, Deli Ham,, Paper Towels,
,,, Frozen Chicken Wings,,, Deli Ham,, Paper Towels,
,,, Frozen Chicken Wings,,, Deli Ham,, Paper Towels,
,,,,,, Deli Ham,, Paper Towels,
,,,,,, Deli Ham,, Paper Towels,
,,,,,, Deli Ham,, Paper Towels,
,,,,,, Deli Ham,,,
,,,,,, Deli Ham,,,
,,,,,, Deli Ham,,,
,,,,,, Deli Ham,,,
,,,,,, Deli Ham,,,
,,,,,, Deli Ham,,,
,,,,,, Deli Ham,,,
,,,,,, Deli Ham,,,
,,,,,, Deli Ham,,,
,,,,,, Deli Ham,,,
,,,,,, Deli Ham,,,
,,,,,, Deli Ham,,,
,,,,,, Deli Ham,,,
,,,,,, Deli Ham,,,
,,,,,, Deli Ham,,,
,,,,,, Deli Ham,,,
,,,,,, Deli Ham,,,
,,,,,, Deli Ham,,,
,,,,,, Deli Ham,,,
,,,,,, Deli Ham,,,
,,,,,, Deli Ham,,,
,,,,,, Deli Ham,,,
,,,,,, Deli Ham,,,
,,,,,, Deli Ham,,,
,,,,,, Deli Ham,,,
,,,,,, Deli Ham,,,
,,,,,, Deli Ham,,,
,,,,,, Deli Ham,,,
,,,,,, Deli Ham,,,
,,,,,, Deli Ham,,,
,,,,,, Deli Ham,,,
,,,,,, Deli Ham,,,
,,,,,, Deli Ham,,,
,,,,,, Deli Ham,,,
,,,,,, Deli Ham,,,
,,,,,, Deli Ham,,,
,,,,,, Deli Ham,,,
,,,,,, Deli Ham,,,
,,,,,, Deli Ham,,,
,,,,,, Deli Ham,,,
,,,,,, Deli Ham,,,
,,,,,, Deli Ham,,,
,,,,,, Deli Ham,,,
,,,,,, Deli Ham,,,
,,,,,, Deli Ham,,,
,,,,,, Deli Ham,,,
,,,,,, Deli Ham,,,
,,,,,, Deli Ham,,,
,,,,,, Deli Ham,,,
,,,,,, Deli Ham,,,
,,,,,, Deli Ham,,,
,,,,,, Deli Ham,,,
,,,,,, Deli Ham,,,
,,,,,, Deli Ham,,,
,,,,,, Deli Ham,,,
,,,,,, Deli Ham,,,
,,,,,, Deli Ham,,,
,,,,,, Deli Ham,,,
,,,,,, Deli Ham,,,
,,,,,, Deli Ham,,,
,,,,,, Deli Ham,,,
,,,,,, Deli Ham,,,
,,,,,, Deli Ham,,,
,,,,,, Deli Ham,,,
,,,,,, Deli Ham,,,
,,,,,, Deli Ham,,,
,,,,,, Deli Ham,,,
,,,,,, Deli Ham,,,
,,,,,, Deli Ham,,,
,,,,,, Deli Ham,,,
,,,,,, Deli Ham,,,
,,,,,, Deli Ham,,,
,,,,,, Deli Ham,,,
,,,,,, Deli Ham,,,
,,,,,, Deli Ham,,,
,,,,,, Deli Ham,,,
,,,,,, Deli Ham,,,
,,,,,, Deli Ham,,,
,,,,,, Deli Ham,,,
,,,,,, Deli Ham,,,
,,,,,, Deli Ham,,,
,,,,,, Deli Ham,,,
,,,,,, Deli Ham,,,
,,,,,, Deli Ham,,,
,,,,,, Deli Ham,,,
,,,,,, Deli Ham,,,
,,,,,, Deli Ham,,,
,,,,,, Deli Ham,,,
,,,,,, Deli Ham,,,
,,,,,, Deli Ham,,,
,,,,,, Deli Ham,,,
,,,,,, Deli Ham,,,
,,,,,, Deli Ham,,,
,,,,,, Deli Ham,,,
,,,,,, Deli Ham,,,
,,,,,, Deli Ham,,,
,,,,,, Deli Ham,,,
,,,,,, Deli Ham,,,
,,,,,, Deli Ham,,,
,,,,,, Deli Ham,,,
,,,,,, Deli Ham,,,
,,,,,, Deli Ham,,,
,,,,,, Deli Ham,,,
,,,,,, Deli Ham,,,
,,,,,, Deli Ham,,,
,,,,,, Deli Ham,,,
,,,,,, Deli Ham,,,
,,,,,, Deli Ham,,,
,,,,,, Deli Ham,,,
,,,,,, Deli Ham,,,
,,,,,, Deli Ham,,,
,,,,,, Deli Ham,,,
